Business NAme,USER ID,Business Website,Video URL
"Arihant Enterprise","54","http://www.indiamart.com/arihantenterprise-satellite/","https://www.youtube.com/watch?v=CKFEHumUReI"
"Shivam Instrument & Calibration","87","http://www.shivaminstrument.com/",""
"Abhay Brass Industries","4","http://www.indiamart.com/abhaybrass-industries/","https://www.youtube.com/watch?v=iTLdhUo9Pcg"
"Pavan Machine Tools & Services India (P) Ltd.","2","http://www.indiamart.com/pavan-tools-services/","https://www.youtube.com/watch?v=YR-H6ZJnP_Y"
"Sarvam Safety Equipment Private Limited","13","http://www.sarvamsafetyequipment.com/",""
"Dev Digital Electronics","8","http://www.devdigital.co.in/",""
"Ahmed Enterprise","12","http://www.indiamart.com/ahmed-enterprise/","https://www.youtube.com/watch?v=Jgdz0tG7Vyg"
"Soniver Bags & Luggage","76","http://www.indiamart.com/soniverbags/","https://www.youtube.com/watch?v=vwsuVx56RNo"
"Skysan Tools","57","http://www.indiamart.com/skysantools/","https://www.youtube.com/watch?v=kGqNN5304Fk"
"Siddhi Vinayak Enterprise","5","http://www.siddhivinayakenterprise.com/",""
"D. S. Engineering","65","http://www.indiamart.com/dsengineering-delhi/",""
"Megabiz Merchandise Pvt. Ltd.","1","http://www.indiamart.com/megabizmerchandise/",""
"Sarayu Engineering Solutions","6","http://www.indiamart.com/sarayuengineeringsolutions/",""
"Sunrise Lab Solution","7","http://www.indiamart.com/sunriselab/","https://www.youtube.com/watch?v=fHxxZ9FZlCk"
"Jay Shree Khodiyar Industries","43","http://www.indiamart.com/jayshreekhodiyarindustries/",""
"Nakalank Microelectronics","56","http://www.nakalank.in/",""
