User ID,Business Name,Business Website
1,Megabiz Merchandise Pvt. Ltd.,http://www.indiamart.com/megabizmerchandise/
2,Pavan Machine Tools & Services India (P) Ltd.,http://www.indiamart.com/pavan-tools-services/
12,Ahmed Enterprise,http://www.indiamart.com/ahmed-enterprise/
4,Abhay Brass Industries,http://www.indiamart.com/abhaybrass-industries/
5,Siddhi Vinayak Enterprise,http://www.siddhivinayakenterprise.com/
6,Sarayu Engineering Solutions,http://www.indiamart.com/sarayuengineeringsolutions/
7,Sunrise Lab Solution,http://www.indiamart.com/sunriselab/
8,Dev Digital Electronics,http://www.devdigital.co.in/
13,Sarvam Safety Equipment Private Limited,http://www.sarvamsafetyequipment.com/
65,D. S. Engineering,http://www.indiamart.com/dsengineering-delhi/
76,Soniver Bags & Luggage,http://www.indiamart.com/soniverbags/
87,Shivam Instrument & Calibration,http://www.shivaminstrument.com/
54,Arihant Enterprise,http://www.indiamart.com/arihantenterprise-satellite/
56,Nakalank Microelectronics,http://www.nakalank.in/
43,Jay Shree Khodiyar Industries,http://www.indiamart.com/jayshreekhodiyarindustries/
57,Skysan Tools,http://www.indiamart.com/skysantools/
